model_dir,model_name,num_samples,accuracy,precision,recall,f1,confusion_matrix,precision_per_class,recall_per_class,f1_per_class,support_per_class
/Users/gilikurtser/Desktop/Dataset and Baseline/finetuning/models/hebert-baseline-5way,finetuning/models/hebert-baseline-5way,512,0.09765625,0.17911688112745097,0.09765625,0.0206398683983168,"[[1, 0, 173, 0, 0], [1, 0, 187, 0, 0], [0, 0, 49, 0, 0], [0, 0, 45, 0, 0], [0, 0, 56, 0, 0]]","[0.5, 0.0, 0.09607843137254903, 0.0, 0.0]","[0.005747126436781609, 0.0, 1.0, 0.0, 0.0]","[0.011363636363636364, 0.0, 0.17531305903398928, 0.0, 0.0]","[174, 188, 49, 45, 56]"
/Users/gilikurtser/Desktop/Dataset and Baseline/finetuning/models/hebert-smoke-balanced-5k,finetuning/models/hebert-smoke-balanced-5k,512,0.353515625,0.40957744256131456,0.353515625,0.36239734833225407,"[[49, 43, 33, 2, 47], [27, 92, 42, 2, 25], [9, 18, 17, 0, 5], [8, 11, 16, 2, 8], [12, 5, 13, 5, 21]]","[0.4666666666666667, 0.5443786982248521, 0.14049586776859505, 0.18181818181818182, 0.19811320754716982]","[0.28160919540229884, 0.48936170212765956, 0.3469387755102041, 0.044444444444444446, 0.375]","[0.35125448028673834, 0.5154061624649859, 0.2, 0.07142857142857142, 0.25925925925925924]","[174, 188, 49, 45, 56]"
/Users/gilikurtser/Desktop/Dataset and Baseline/finetuning/models/hebert-half-data-balanced,finetuning/models/hebert-half-data-balanced,512,0.33984375,0.1154937744140625,0.33984375,0.17239887026239067,"[[174, 0, 0, 0, 0], [188, 0, 0, 0, 0], [49, 0, 0, 0, 0], [45, 0, 0, 0, 0], [56, 0, 0, 0, 0]]","[0.33984375, 0.0, 0.0, 0.0, 0.0]","[1.0, 0.0, 0.0, 0.0, 0.0]","[0.5072886297376094, 0.0, 0.0, 0.0, 0.0]","[174, 188, 49, 45, 56]"
